{
    "scene": {
        "ambientLight": 0.30000001192092898,
        "lightPosition": {
            "x": 0.0,
            "y": 1000.0,
            "z": 1000.0
        },
        "gameCamera": "01e3d4f2-3be5-4b53-8ba9-8691cb8baccc",
        "gameObjects": [
            {
                "uuid": "fc847e19-618a-4b77-b9b5-5f401c2379d7",
                "name": "Scene Root",
                "isActive": true,
                "isStatic": false,
                "position": {
                    "x": 0.0,
                    "y": 0.0,
                    "z": 0.0
                },
                "scale": {
                    "x": 1.0,
                    "y": 1.0,
                    "z": 1.0
                },
                "rotation": {
                    "x": 0.0,
                    "y": 0.0,
                    "z": 0.0,
                    "w": 1.0
                },
                "components": []
            },
            {
                "uuid": "01e3d4f2-3be5-4b53-8ba9-8691cb8baccc",
                "name": "Game camera",
                "parent": "fc847e19-618a-4b77-b9b5-5f401c2379d7",
                "isActive": true,
                "isStatic": false,
                "position": {
                    "x": 0.0,
                    "y": 0.0,
                    "z": 0.0
                },
                "scale": {
                    "x": 1.0,
                    "y": 1.0,
                    "z": 1.0
                },
                "rotation": {
                    "x": 0.0,
                    "y": 0.0,
                    "z": 0.0,
                    "w": 1.0
                },
                "components": [
                    {
                        "uuid": "7f12281b-1ba7-4f10-a270-251b780fa500",
                        "componentType": "CAMERA",
                        "isActive": true,
                        "gameObjectParent": "01e3d4f2-3be5-4b53-8ba9-8691cb8baccc",
                        "nearPlaneDistance": 0.10000000149011612,
                        "farPlaneDistance": 10000.0,
                        "position": {
                            "x": 0.0,
                            "y": 100.0,
                            "z": -1000.0
                        },
                        "front": {
                            "x": 0.2334364801645279,
                            "y": -0.008726535364985466,
                            "z": 0.9723328948020935
                        },
                        "up": {
                            "x": 0.0,
                            "y": 1.0,
                            "z": 0.0
                        },
                        "pitch": -0.5,
                        "yaw": 166.5,
                        "rSpeed": 1.0,
                        "mSpeed": 50.0
                    }
                ]
            },
            {
                "uuid": "4d12a375-e270-4f97-b6a4-23264e8e9f90",
                "name": "Bunny",
                "parent": "fc847e19-618a-4b77-b9b5-5f401c2379d7",
                "isActive": true,
                "isStatic": false,
                "position": {
                    "x": -100.0,
                    "y": 0.0,
                    "z": 0.0
                },
                "scale": {
                    "x": 1.0,
                    "y": 1.0,
                    "z": 1.0
                },
                "rotation": {
                    "x": 0.0,
                    "y": 0.0,
                    "z": 0.0,
                    "w": 1.0
                },
                "components": [
                    {
                        "uuid": "5d82a96a-df8a-4152-8eba-89acf2b13063",
                        "componentType": "MESH",
                        "isActive": true,
                        "gameObjectParent": "4d12a375-e270-4f97-b6a4-23264e8e9f90",
                        "meshName": "Zombunny_0.pisifai",
                        "useWireframe": false
                    },
                    {
                        "uuid": "a1388996-2800-415a-9fd4-fbfc515e51d3",
                        "componentType": "MATERIAL",
                        "isActive": true,
                        "gameObjectParent": "4d12a375-e270-4f97-b6a4-23264e8e9f90",
                        "diffuseMapName": "ZomBunnyDiffuse.dds",
                        "diffuseColor": {
                            "x": 1.0,
                            "y": 1.0,
                            "z": 1.0,
                            "w": 1.0
                        },
                        "k_diffuse": 0.7089999914169312,
                        "occlusionMapName": "ZomBunnyOcclusion.dds",
                        "k_ambient": 0.5519999861717224,
                        "specularMapName": "ZomBunnySpecular.dds",
                        "specularColor": {
                            "x": 1.0,
                            "y": 1.0,
                            "z": 1.0,
                            "w": 1.0
                        },
                        "k_specular": 0.5830000042915344,
                        "shininess": 76.91500091552735,
                        "emissiveMapName": "ZomBunnyEmissive.dds",
                        "emissiveColor": {
                            "x": 1.0,
                            "y": 0.9999899864196777,
                            "z": 0.9999899864196777,
                            "w": 0.0
                        }
                    }
                ]
            },
            {
                "uuid": "64aeb96d-a464-415f-bbcf-83babba4a2b6",
                "name": "Bunny",
                "parent": "fc847e19-618a-4b77-b9b5-5f401c2379d7",
                "isActive": true,
                "isStatic": false,
                "position": {
                    "x": 150.0,
                    "y": 0.0,
                    "z": 0.0
                },
                "scale": {
                    "x": 1.0,
                    "y": 1.0,
                    "z": 1.0
                },
                "rotation": {
                    "x": 0.0,
                    "y": 0.0,
                    "z": 0.0,
                    "w": 1.0
                },
                "components": [
                    {
                        "uuid": "db5d0f8b-04cd-4662-904a-5a2b3354d472",
                        "componentType": "MESH",
                        "isActive": true,
                        "gameObjectParent": "64aeb96d-a464-415f-bbcf-83babba4a2b6",
                        "meshName": "Zombunny_0.pisifai",
                        "useWireframe": false
                    },
                    {
                        "uuid": "4f67291e-dfb2-4892-9c5c-557e57d36764",
                        "componentType": "MATERIAL",
                        "isActive": true,
                        "gameObjectParent": "64aeb96d-a464-415f-bbcf-83babba4a2b6",
                        "diffuseMapName": "ZomBunnyDiffuse.dds",
                        "diffuseColor": {
                            "x": 1.0,
                            "y": 1.0,
                            "z": 1.0,
                            "w": 1.0
                        },
                        "k_diffuse": 0.7089999914169312,
                        "occlusionMapName": "ZomBunnyOcclusion.dds",
                        "k_ambient": 0.5519999861717224,
                        "specularMapName": "ZomBunnySpecular.dds",
                        "specularColor": {
                            "x": 1.0,
                            "y": 1.0,
                            "z": 1.0,
                            "w": 1.0
                        },
                        "k_specular": 0.5830000042915344,
                        "shininess": 76.91500091552735,
                        "emissiveMapName": "ZomBunnyEmissive.dds",
                        "emissiveColor": {
                            "x": 1.0,
                            "y": 0.9999899864196777,
                            "z": 0.9999899864196777,